userName,id,rank,scorePerMinute,killsPerMinute,winPercent,killDeath,quits,accuracy,headshots,secondsPlayed,kills,deaths,wins,loses,avengerKills,saviorKills,headShots,heals,revives,repairs,resupplies,killAssists,skill,longestHeadShot,highestKillStreak
153e5239c59cf8f38bd5dbb8ec34d,2636523548,47,1149,0.73,52.56,1.14,30.36,7.19,14.35,121901,1484,1299,41,37,146,83,213,813,238,10,95,104,259,286.55,11
ebc228e1ed3b025d625a1ffa3a48f,2736352487,46,315,0.28,49.63,0.57,36.17,7.46,14.62,430641,2039,3594,134,136,150,154,298,731,134,1013,362,212,205,106.18,10
798cd0a8f5db71d164bd9361ea8ad,83900344,30,584,0.73,61.36,0.86,40.54,11.73,18.71,112433,1363,1589,27,17,178,146,255,34,274,0,0,156,242,148.24,10
dfaeecc6e6313218fd51083b3d355,441884505,140,774,1.1,54.27,1.78,13.49,12.86,13.01,5588560,102166,57247,1685,1420,8479,6329,13292,20505,8686,7321,4500,7485,409,555.55,61
0b4c0f4600a6ca71f5ab0f74a519d,2750491032,48,756,0.95,46.6,1.38,38.69,14.58,15.8,196315,3120,2255,48,55,428,425,493,3794,476,0,111,371,364,238.59,15
a1999e44a750554b8518ed6c7f023,3047204644,134,569,0.71,53.37,2.52,47.68,17.16,6.78,2795060,33136,13124,674,589,1661,1381,2246,1390,327,2931,2061,2517,249,527.01,84
d16d4eb07f5239fc192c3f9b74aa0,3214291160,70,1098,0.63,47.32,0.94,25.72,9.72,19.03,253050,2659,2829,97,108,352,258,506,3471,547,24,104,352,232,197.86,15
5eeac63b4fde164943e3e0f68b2d3,1246336320,1,182,0.31,33.33,0.47,66.67,7.61,13.33,2952,15,32,1,2,1,1,2,0,0,0,0,2,87,21.98,3
22e13249246520ce64ba1a35e5f5e,3599628936,1,219,0.47,100.0,1.08,50.0,4.02,35.71,1854,14,13,1,0,0,0,5,0,0,0,0,0,102,464.86,4
10edbac15ceacf705f3c120f30f2f,4187058377,8,217,0.28,45.0,0.4,54.55,5.14,9.76,34756,164,412,9,11,11,12,16,0,0,20,1,25,142,295.37,5
20ebfea342e8126bed8bb46832396,556426068,63,714,0.56,49.51,1.27,33.77,7.35,15.41,327668,3031,2391,101,103,209,175,467,664,89,262,125,239,251,330.76,30
64121a0cb9adda2824ecb3cf2330b,851471508,14,386,0.52,50.0,0.7,27.27,9.05,15.06,49106,425,609,16,16,52,52,64,560,63,55,300,70,202,153.75,6
27e55da7babb1c8ae62dbc60ac13a,3349317613,18,561,1.06,46.43,1.13,41.67,15.33,21.24,51093,904,800,13,15,115,126,192,1109,210,7,65,92,309,77.51,10
adc46df2e56bf42f2e737c54a23fc,1596349380,4,152,0.45,28.57,0.85,58.82,10.15,18.87,14023,106,124,2,5,10,12,20,0,4,3,0,12,128,65.42,4
ca2488df5b8a3959e9a4db36625a2,240521331,2,250,0.02,66.67,0.06,50.0,0.3,50.0,5121,2,32,2,1,0,0,1,0,0,6,0,0,114,29.77,1
2dba7fc2299b34b964990666b8592,2741667421,88,372,0.51,56.25,1.13,43.01,8.34,16.26,1105440,9376,8317,369,287,910,854,1525,14406,1624,340,4077,974,209,600.36,18
5d6b2b0d838f497b62039b34600ec,1758510657,35,610,0.46,31.63,0.8,26.87,13.65,15.36,143674,1094,1376,31,67,130,111,168,365,76,77,315,143,189,175.38,9
0902914eb400ba96389772443a5b0,1812783236,111,477,0.43,46.28,0.67,24.78,7.44,13.24,1345400,9614,14351,392,455,1005,934,1273,1267,513,1168,4446,1620,263,489.81,18
6a8dfc178ee460b5278f2434b2726,2008804707,1,361,0.0,50.0,0.0,33.33,14.29,0.0,506,0,2,1,1,0,0,0,0,0,0,0,0,85,0.0,0
b494ef9997dc9f87a6ecb8e7b64cc,3737929490,42,745,0.69,39.6,0.98,11.4,13.0,15.82,157988,1821,1851,40,61,200,163,288,372,113,230,15,187,275,256.67,12
2a4f331c71383f1dda7e2814b5860,629516239,124,461,0.45,40.72,3.24,11.35,32.94,5.58,2431300,18424,5685,531,773,744,760,1028,238,24,4521,2192,2189,286,463.82,42
785f2e4b7fae0dd8cad692f23e3e5,3073722715,88,380,0.3,42.46,0.51,34.48,5.3,16.62,1080620,5360,10418,242,328,524,266,891,2365,424,230,621,513,125,368.29,14
fa8298d19dcd653bb350d03c14a4b,1666284072,87,739,0.78,55.09,1.54,30.66,18.71,9.89,545516,7097,4615,157,128,668,663,702,2105,398,894,1500,679,343,165.23,32
d9019c3c2d2d9e4adb82fd7315789,694612021,78,411,0.49,49.9,0.73,27.29,10.05,21.59,813820,6620,9039,254,255,728,707,1429,2917,1145,301,1656,797,215,471.89,10
2bbfe9045ec66bfcb1e2a4c77c039,3887430779,118,827,0.73,44.46,1.2,23.14,11.27,21.24,1074630,13031,10901,285,356,1360,1459,2768,4748,1010,484,3161,1462,329,617.6,28
8c588564ccb35a8bd8ad7e290b6a2,1791399902,20,308,0.62,46.15,0.75,17.02,7.9,22.37,110008,1140,1511,36,42,105,112,255,530,302,8,4,122,236,445.29,9
54b16413a66b3d075d19c034b2345,614004950,33,308,0.36,54.71,0.67,13.71,6.01,22.34,259763,1562,2328,93,77,176,79,349,286,25,321,26,121,154,371.42,12
25d35d55e735f1ca81da8f55ba1da,746581190,5,191,0.45,42.86,0.77,30.0,7.76,22.05,16894,127,165,6,8,14,11,28,6,0,0,0,19,193,146.82,10
66ea5986a865a25b806a81b030ff3,2337964918,140,353,0.51,51.02,1.27,16.73,10.62,10.77,16787900,143958,113252,4622,4437,9125,5209,15509,18047,176,8997,5067,8801,366,835.43,63
f801cd992497a8d809b73a9395834,2609993185,23,290,0.34,47.19,0.63,32.58,8.38,16.99,145555,836,1330,42,47,102,79,142,462,112,59,90,122,160,429.56,8
6c848c1fb47cca988a0795ce4171e,1446393890,85,425,0.67,43.24,1.13,22.7,11.66,12.52,901288,10080,8945,240,315,1320,1410,1262,7242,679,970,8311,1410,324,398.01,30
f06a8f893bbd8622c6c00f5e3212e,586596381,48,597,0.61,46.36,0.87,19.68,13.03,17.58,249816,2559,2956,70,81,304,243,450,4566,837,513,20,307,329,152.62,9
94e8a56598ac3ce4d98f7c4126e42,468221736,140,773,1.23,50.4,1.35,33.19,15.34,17.13,3633020,74679,55354,1199,1180,8679,7663,12796,46470,19245,422,4045,7043,336,284.32,18
744e454772188768c216ba0c469e9,2418851929,114,462,0.49,50.39,0.99,28.48,15.12,11.58,1583670,12994,13070,391,385,840,680,1505,6859,1049,1253,1251,1061,352,1517.8,27
8a1c509e48259b9962f3b1abc4e41,901131405,19,293,0.29,48.0,0.52,47.92,9.01,19.16,104029,501,971,24,26,56,49,96,133,92,225,0,83,191,95.84,6
f0618cbb7b2621baf3a79907b89e5,777520420,10,228,0.38,40.91,0.7,56.0,8.89,18.01,49178,311,443,9,13,30,21,56,54,2,14,13,36,152,311.79,7
2ea957b3703042be4bf0094df8cac,2169716486,46,507,0.38,49.44,0.61,63.22,10.06,10.8,272275,1722,2839,44,45,174,157,186,1411,420,238,394,275,146,330.43,9
d51ac9887cef8338845f7de18b853,3131296397,140,618,1.23,47.31,1.41,21.35,15.26,17.33,16777200,344054,243450,3922,4368,39066,40591,59632,284851,51280,606,11448,35299,542,266.14,29
0577abc4d3f58a98976b3624afe7e,2147889970,78,503,0.72,53.85,1.57,14.95,12.66,13.55,660785,7963,5079,294,252,711,438,1079,2251,115,635,1148,488,265,319.05,24
debfec2c405edfc443bc052632efe,243509974,2,213,0.35,66.67,0.57,25.0,7.32,8.33,4158,24,42,2,1,3,1,2,6,0,9,5,4,104,29.47,3
c8f174e74767c408e15669537e2ca,3103928397,62,308,0.65,40.85,1.01,51.58,9.59,14.05,741133,8080,7990,125,181,665,661,1135,796,1465,50,981,981,185,528.47,26
d83ecf814c727cf22bbab17f5b314,1461032841,97,858,0.69,43.68,1.17,30.53,10.51,19.92,559379,6406,5463,159,205,503,528,1276,1173,75,226,264,567,261,348.21,18
828ff954aadd7b2c08f5471b847ac,3243228735,0,71,0.5,0.0,1.0,100.0,8.64,0.0,158,1,1,0,0,0,0,0,0,0,0,0,0,85,0.0,1
27eddc68a38dd1f371d47223bf1a4,2766073241,112,534,0.99,52.53,1.87,14.38,13.35,17.63,1266750,20811,11122,560,506,1690,1499,3669,7812,1413,323,755,1398,263,763.41,34
bec0a442cf7ad69277cea8bb0318e,2829609194,11,280,0.74,47.37,0.74,47.22,11.54,15.29,47112,582,788,9,10,95,98,89,106,224,0,41,71,231,72.75,7
80b2b2e38329afd74db28716732ff,4027979842,128,1089,2.23,61.44,7.84,20.9,11.42,10.25,1185390,43359,5620,400,251,2502,2526,4446,1698,1493,370,115,2224,811,804.11,140
97d0755a6f166f08f26d3cdcb62da,1758215691,25,366,0.5,52.63,0.82,73.49,10.55,11.37,135516,1126,1379,30,27,143,113,128,403,68,1,0,105,162,224.44,211
af328bc59358abf8bfa02d957aaa1,3758558422,140,982,0.89,54.4,1.73,42.23,16.14,14.01,2320730,34522,19909,748,627,2689,1889,4838,42466,10581,6285,5201,2993,296,367.59,71
77e6dba8b8b30055dca30a9714031,1318052613,57,544,0.46,42.11,0.84,31.7,12.5,12.86,357203,2729,3266,88,121,226,164,351,712,143,698,279,197,180,610.28,21
3239c72534f894c8c5d2a2e5c1434,1707325108,89,1182,0.75,53.36,1.11,18.21,9.73,12.26,354851,4461,4034,151,132,378,309,547,686,152,361,222,453,275,332.75,22
7efd4871985646795130ce2bb3abe,3460929626,124,492,1.03,50.15,1.55,33.42,11.46,19.0,2268350,38899,25047,1020,1014,3848,4379,7389,7510,4592,5,4107,4171,388,180.14,34
405aca08ac9c346a8d8243055963b,445818514,10,434,0.44,40.0,0.66,50.0,7.76,23.5,25167,183,277,4,6,24,30,43,119,14,0,139,42,138,62.28,6
5f8aba081e212f68431acfa8bbcfa,3732063277,10,350,0.42,58.33,0.5,42.86,6.66,25.33,32143,225,447,7,5,26,29,57,118,24,5,0,36,144,544.12,4
5e41f94ca589bbeffdfaa8f4a7214,2144831411,70,541,0.91,47.21,1.26,47.77,14.21,18.53,517812,7189,6226,144,161,936,970,1332,6097,420,1,15,985,295,409.98,13
e5eb10808fb30c21e7a25248f6eb0,3031775689,133,492,0.63,47.14,0.9,38.99,9.29,15.13,3178870,33320,37082,866,971,3311,2911,5042,22274,4414,1521,5462,3585,237,251.85,15
13170b5ba50f83e6a0c5e6051d89c,3462909141,7,675,0.55,66.67,1.13,70.0,15.43,21.11,9786,90,80,4,2,5,8,19,45,0,4,0,14,164,181.37,7
f042eecdd32bdbe5f64f2c6365e1d,312045713,10,159,0.13,51.43,0.24,40.68,4.17,14.11,73976,163,676,18,17,19,22,23,185,2,33,90,33,92,49.34,4
e4d4380206da9726edc8d3d27b8ca,1008966631,33,257,0.2,46.63,0.5,36.08,6.3,17.02,302523,1028,2067,76,87,72,74,175,564,47,201,71,151,132,380.45,10
bd537c1001efa6acb4d24aec88a91,55997295,80,1183,0.8,50.85,1.02,19.18,13.83,24.56,296247,3970,3878,90,87,391,401,975,84,55,46,470,448,248,599.74,10
ddc41cc9908a4d6e301fdbe6f4417,1407156842,88,254,0.36,46.23,0.65,46.26,9.01,12.74,1614300,9729,14988,362,421,1075,871,1239,955,530,697,1737,1153,218,460.73,28
144392a0c828ef5c64d6b3007c6ca,1637743802,18,442,0.45,44.44,0.65,21.05,9.02,17.67,67060,498,764,20,25,54,42,88,112,58,37,41,49,192,300.1,7
98317264ae39a303aaa91b51fa466,2922212865,137,340,0.47,44.91,2.16,52.19,13.43,3.32,5214960,40695,18880,658,807,1255,1508,1351,19,0,5755,1,4084,184,638.25,54
1637236591d38e387cf1c2541cb55,4232996062,130,979,1.37,48.31,1.6,28.48,16.34,16.7,1414090,32353,20170,342,366,3638,3512,5402,4191,1599,633,3342,2955,292,273.02,29
3d72e370018cef7b13f1a693a36de,702065547,44,838,0.77,58.33,1.12,38.98,14.39,15.93,149511,1927,1721,42,30,229,227,307,272,99,70,55,223,295,164.55,13
60448f002b942d2d3727a93e002ee,1072706299,12,456,0.76,25.93,0.96,10.0,12.99,23.67,34168,431,451,7,20,48,47,102,134,50,38,0,52,235,172.24,6
c7c10724e860ecbf9e5271d4c2aea,1289473014,35,704,0.74,46.58,1.11,24.74,12.33,21.05,125545,1558,1404,34,39,175,141,328,363,102,106,12,176,282,192.03,8
1fb5b765c17ac4f359797159d07e5,3323413790,19,177,0.24,47.76,0.37,48.46,4.67,10.94,179136,704,1900,32,35,121,136,77,137,171,13,46,189,110,57.46,7
c9b4fdb4911bdb99b506f3b686030,3283819965,37,526,0.71,50.5,1.13,36.08,12.19,24.81,178151,2108,1859,51,50,198,148,523,357,17,6,24,162,171,162.95,16
45eec2e103d14fbd5842301bd6803,3853770484,120,331,0.67,68.9,2.06,54.23,8.28,14.88,2841810,31519,15316,525,237,4769,5547,4690,13782,294,31,27600,5745,254,832.38,37
c40079e68475af4956a67bebd0c28,778915198,60,613,1.01,46.67,0.92,32.18,13.81,18.51,345900,5651,6341,119,136,621,316,1046,1875,841,70,60,381,192,577.55,21
58eca01fccd5833d5d7439f9cf7c7,2008310885,16,254,0.27,37.74,0.47,61.03,6.45,17.28,91196,405,869,20,33,44,46,70,413,129,74,26,62,143,166.22,6
f19050443becb083e890de5bf7ec7,2360568527,129,354,0.43,49.48,1.86,23.98,16.5,12.31,3773240,27204,14607,946,966,2011,2152,3348,11759,1399,5414,4880,3591,296,1113.42,40
7b5d2d7c0403fa39c0d969ee2095e,83105699,63,626,0.72,47.47,1.25,34.22,14.9,18.56,374501,4493,3590,94,104,381,346,834,1949,0,35,302,340,200,472.4,14
0e756f50ff23f6fc48494431493d8,3704847775,1,89,0.28,25.0,0.34,20.0,8.84,8.33,5247,24,70,1,3,2,2,2,0,0,0,0,5,85,25.46,3
a3f02eb98e9d338034807243ad55d,2370199361,49,493,0.43,58.0,0.65,46.81,14.66,18.74,313009,2231,3448,87,63,234,213,418,79,16,67,483,258,161,322.12,9
9cdd9ccc5fe525bf6644945355dea,410278436,13,211,0.22,55.26,0.39,40.62,4.66,23.29,78530,292,751,21,17,32,23,68,788,171,9,13,47,110,248.03,7
6d3c30da74697f72d12199be381a1,1001084538,0,7,0.0,0.0,0.0,100.0,14.29,0.0,540,0,1,0,0,0,0,0,0,0,0,0,0,76,0.0,0
6fc1b860dfb08e2a2b0a1ffd04dbf,4147464997,23,345,0.61,29.58,0.85,23.66,6.75,16.96,122921,1244,1464,21,50,134,119,211,89,35,0,589,124,181,601.02,9
ed19764d99fec4735c17ec02838a2,1547248341,44,688,0.7,46.36,1.02,35.29,11.3,23.49,187086,2192,2146,51,59,313,309,515,1687,636,12,498,309,258,389.31,12
5a9c403e36a505127e335296d7694,1894504956,18,338,0.57,60.0,0.9,24.66,9.96,15.94,82520,778,866,33,22,88,75,124,81,161,100,5,85,222,182.63,10
2b730d488a32e6a9032a003f4cee4,3831912337,88,1058,0.59,44.68,1.06,15.32,12.8,12.93,387013,3812,3584,126,156,411,272,493,924,148,133,2990,350,263,319.35,25
4c1ad81cefd3dc4f87c8c85412f65,4019797321,0,0,0.0,0.0,0.0,0.0,0.0,0.0,0,0,0,0,0,0,0,0,0,0,0,0,0,0,0.0,0
463e424edbb7ef186265550b936cb,2167968294,31,354,0.39,47.92,0.61,22.58,7.69,18.92,195349,1258,2054,69,75,144,103,238,199,61,111,20,173,139,173.84,8
9bea565557442ce502ce66b0f46bd,2461950145,130,586,1.3,45.41,2.45,37.31,14.79,17.05,2332640,50524,20592,351,422,6119,2575,8612,11805,1448,67,3632,2033,406,1170.88,35
5a61e96ed7bbadc54b07917a18af1,1576675983,51,464,0.44,54.55,0.57,51.19,12.79,18.76,348393,2564,4498,78,65,242,159,481,756,264,95,5,231,145,376.56,8
df9f9457dca2c29e7ac5550141f08,2965399170,5,236,0.84,54.55,1.77,8.33,15.1,19.92,17286,241,136,6,5,25,7,48,25,0,0,0,7,204,157.15,12
f805c72868dc3c246451db7c9ed9d,2011993232,12,391,0.7,31.82,1.03,18.52,14.39,16.67,35453,414,403,7,15,66,74,69,1068,80,5,113,79,267,110.1,12
48faa5e82f86a3d54bc2bee317c2b,3722257813,18,271,0.41,57.69,0.58,42.86,7.42,12.66,109881,758,1316,30,22,54,48,96,15,2,0,3,54,146,173.64,11
895f7483175f05903ec8bf703e930,3273381550,117,614,0.7,42.16,1.38,50.74,14.98,12.92,1395410,16228,11729,293,402,1140,738,2096,2041,214,947,1058,1099,294,594.59,58
3a5a0aef32b8c1a2b7d2b092a275b,1344155388,98,893,0.75,48.04,1.15,16.83,13.1,18.58,547691,6856,5967,159,172,684,776,1274,956,159,650,5060,792,237,732.29,23
c07e447ac046b6b84510fc7a83754,1866339371,105,601,0.61,46.88,1.15,47.67,9.24,14.75,940494,9484,8238,263,298,1084,900,1399,8172,1628,338,3534,1092,224,397.22,15
eb320fadf29f37de1f91998d34de1,3361876865,126,534,0.54,46.1,1.16,29.25,13.19,11.26,2206680,19745,17088,484,566,1310,1220,2224,1462,169,2280,759,2333,257,556.1,46
a566f07f233a3206619469f678ff0,110319289,140,796,0.53,50.92,1.45,29.12,7.12,14.46,2775430,24500,16865,580,559,3023,3658,3543,33839,6144,5368,57652,4386,290,285.88,34
dbd201e82ae209aed14f6830e7aec,1614402660,20,352,0.67,36.84,1.01,38.04,11.34,26.44,95517,1059,1047,21,36,123,147,280,690,378,29,1,147,213,328.66,11
bbd9bf979359eb3a7649d33e93537,3531780768,2,218,0.43,50.0,0.87,33.33,8.28,19.23,3616,26,30,1,1,5,2,5,13,4,0,0,4,171,45.71,3
1ef2fe0172a29262b0861360f846c,4165536487,100,564,0.67,46.17,1.16,31.38,14.04,12.37,905362,10090,8717,205,239,597,617,1248,464,514,1020,53,928,277,563.14,21
7dd5aa99d87de0fee9789e969065e,2201311031,1,372,0.44,100.0,1.17,50.0,6.9,14.29,1008,7,6,1,0,1,0,1,2,0,0,0,0,108,24.41,2
177d858c431c230e1846065a185ad,3966547077,4,216,0.14,25.0,0.23,11.11,5.72,19.23,10871,26,115,2,6,1,2,5,0,0,0,5,4,119,58.47,2
c01fa2d1aa3dcf2045dca2421e6f0,182492069,25,394,0.46,38.18,0.8,5.17,11.58,20.85,121344,940,1182,21,34,77,62,196,52,42,245,12,144,216,204.1,7
a2494dc5c2602ec950a90e75d95d4,1408429891,0,51,0.0,0.0,0.0,100.0,16.67,0.0,194,0,1,0,0,0,0,0,0,0,0,0,0,85,0.0,0
4a8b7b2026d715f8ac02094b90a3f,2938029493,104,576,0.74,50.26,1.0,31.55,11.94,14.32,966295,11862,11916,385,381,1260,647,1699,1360,665,93,276,794,224,390.88,15
5d1a92e9ed56946c1e51d7542106e,4273240111,17,923,0.25,22.22,0.7,75.68,2.43,15.52,27355,116,165,2,7,6,5,18,5,0,1,0,13,157,237.96,5
927838d614adbc592bfb60fbfddfd,394380590,0,30,0.29,0.0,0.4,100.0,21.05,0.0,458,2,5,0,0,0,0,0,0,0,0,0,0,85,0.0,1
3c92e5d1355f49cc0a8ec1929ad88,2889562527,110,403,0.56,50.51,1.02,50.63,11.83,20.54,1590850,14776,14424,498,488,1159,1148,3035,4571,615,966,1776,1089,281,736.2,18
961eb322ed25023d0cecee1ad655b,3520563326,34,409,0.41,43.7,0.67,41.38,7.34,18.53,204070,1398,2090,52,67,176,161,259,1760,574,37,489,245,154,382.09,9
fd7c63ff4d51f92023329a90e147b,3879115945,11,244,0.48,36.0,0.79,57.63,11.28,20.54,55894,443,563,9,16,58,63,91,167,49,1,14,55,140,123.22,7
a56b61ada45b09b20249f3f12ee7e,221053779,117,532,0.84,57.27,1.59,45.83,12.52,12.91,1603810,22323,14022,532,397,1744,1051,2882,4280,106,1007,269,1442,307,387.23,26
8d2725d69c54511331e779e9e17c9,917076582,110,455,0.62,50.67,1.08,27.05,7.2,11.78,1407080,14504,13442,414,403,1242,1267,1708,2014,473,819,4019,1588,243,591.79,34
fa1f35ca1a099be67f0b7d5755bcd,2678729611,70,557,1.63,51.17,1.44,27.85,20.44,17.11,504169,13656,9451,175,167,2134,1780,2336,2482,2590,0,6,1370,363,77.43,21
07b9b694ce713574aebf25a929aec,2033941545,140,592,1.28,44.53,1.43,30.89,16.93,9.57,9851960,210684,147074,1937,2413,17061,18837,20162,53686,4190,1027,13775,15980,259,403.68,47
0b4562d5f5ebeaf5e3594a935b059,3353429998,8,309,0.47,46.15,0.77,35.0,12.49,20.54,23434,185,241,6,7,24,21,38,0,0,20,0,20,201,91.92,6
c3e3cb860d922d0a61d4ea78b1609,4179584653,38,257,0.37,38.93,0.71,68.63,8.81,17.61,381770,2356,3310,58,91,175,172,415,16,46,203,0,282,173,737.75,10
800cd7f17bee38e6a9a6626e7d817,1319356820,41,467,0.56,47.92,0.78,23.81,9.68,13.54,245591,2290,2921,69,75,248,278,310,2698,1149,131,44,289,389,182.46,9
d157e4bc1956da3bf31fd94393bf3,3394225344,4,161,0.41,25.0,0.67,69.23,16.4,22.34,13972,94,141,1,3,8,3,21,0,0,1,0,6,160,282.79,6
7dfa5ae07923c2dbd73e87c2a35fb,2621461806,6,155,0.58,15.38,0.92,40.91,10.66,20.6,27647,267,290,2,11,44,20,55,55,1,0,2,29,137,323.82,9
973550c4d9cb21fa2230150ada59b,2057674310,115,680,0.5,48.58,0.84,29.81,10.74,13.92,1151310,9641,11519,326,345,957,879,1342,3091,857,719,1829,1158,237,360.33,31
95c733f94c7e4f15426ae1d3c14b7,805509684,140,599,0.82,51.54,1.07,28.67,13.19,13.93,4369250,59368,55236,1022,961,5391,4612,8269,7592,3125,428,1055,5977,314,749.4,32
86d74838ec739d995f3be926fb24a,1236564226,7,386,0.4,57.14,0.58,50.0,4.76,13.59,15386,103,177,4,3,9,3,14,3,0,113,0,15,175,33.15,4
bf9af5ddd454467c12acc84489056,1693036367,0,0,0.0,0.0,0.0,0.0,0.0,0.0,15,0,0,0,0,0,0,0,0,0,0,0,0,85,0.0,0
26bea0950397e1768c86c6ef88ef3,174690621,140,467,0.81,54.87,3.38,58.03,12.38,17.09,5560190,74915,22176,1003,825,8465,10683,12801,31249,2819,367,26605,10844,250,645.63,58
7eb18d0de2dc15e35fe32df4625ab,1753413635,5,325,0.79,28.57,0.92,30.0,14.55,18.45,12827,168,182,2,5,13,11,31,0,0,0,0,19,193,92.97,9
0f5ad57da891418047f030e5d73b0,1714444385,89,535,0.51,42.67,1.03,46.96,9.03,20.37,777098,6555,6359,160,215,633,610,1335,954,238,126,2349,732,208,696.82,30
6e45ed246143b8646eba998dbda6f,1177164448,1,184,0.32,0.0,0.53,50.0,8.46,10.0,1862,10,19,0,1,1,1,1,0,0,0,2,0,97,4.41,2
c777ad4be5a1a792726f9819a9f1e,4089454367,83,547,0.75,48.27,0.96,28.11,12.6,20.06,680277,8518,8919,237,254,884,696,1709,1128,568,144,474,835,293,319.62,13
6b5dc05b2ab5858f4a082e69f9ad4,3319973830,109,847,0.84,47.5,1.29,20.22,14.37,16.96,729968,10218,7926,238,263,1192,1143,1733,6335,2548,751,1115,1252,329,292.89,25
436d17fd1b28a86529566440e8f27,3789572441,100,428,0.82,58.85,1.14,38.22,13.33,18.11,1183490,16249,14303,625,437,1837,1752,2943,17101,2822,105,1532,1701,215,333.95,21
28fd72c3e6fded57be7b9ec347262,522223285,11,658,0.46,57.14,0.63,50.0,8.9,26.62,18051,139,219,8,6,16,18,37,64,23,0,5,22,176,75.03,10
a13abc541dc22b4b5dc95137618aa,589039699,26,427,0.42,39.68,0.64,42.2,9.77,13.48,124848,883,1376,25,38,106,78,119,636,65,87,255,110,148,200.8,9
ba2fb17202a9f1cc3af1a96088d4d,1677286621,4,161,0.55,40.0,0.7,47.37,9.82,13.74,14226,131,187,4,6,17,16,18,17,0,0,0,18,170,142.08,5
0f2318afe21a1d41c7e9ff14c4600,8143852,0,0,0.0,0.0,0.0,0.0,0.0,0.0,0,0,0,0,0,0,0,0,0,0,0,0,0,0,0.0,0
3fb4f3dd1ca0e64507a817618ced5,180073028,21,364,0.54,41.67,0.9,28.0,9.04,15.39,103942,929,1036,30,42,158,77,143,1336,483,73,58,88,208,397.6,13
2946286923bf6e3547c404a03270d,1469641262,77,349,0.41,37.61,0.76,43.17,7.59,19.88,929217,6297,8275,205,340,637,590,1252,1257,148,101,675,791,161,619.21,16
85dbdfdc75331d00e24956316a823,4071843053,63,557,0.76,48.6,1.39,14.74,5.23,15.82,415819,5264,3795,104,110,724,826,833,2725,287,36,4642,836,308,427.24,18
b7eaada79099970d7b005f053a086,604807874,27,402,0.7,44.33,0.85,39.75,11.39,18.56,135626,1579,1856,43,54,175,103,293,879,246,70,11,131,289,162.48,9
e3bc091bea5136f5a731949003f2b,2966850012,30,674,0.66,41.07,1.03,45.1,7.34,20.6,102272,1131,1096,23,33,147,126,233,548,45,22,9,116,216,299.87,10
c3d48413664f5e3242a3c781d22fa,3556461637,0,142,0.5,0.0,0.64,50.0,17.7,0.0,852,7,11,0,1,0,2,0,0,0,0,0,0,92,0.0,3
7246c6f2c86331241af86deace44c,3572485507,125,522,0.57,46.99,0.86,18.54,7.56,15.38,2187600,20901,24281,609,687,1857,1610,3215,6904,1048,1169,5052,2372,256,516.97,32
7bd8580d2dddf93aefdc2d0360d89,573257222,107,457,0.35,48.72,0.75,20.36,5.89,10.1,1312460,7751,10400,362,381,574,376,783,3107,645,1099,815,737,150,331.34,36
197ab597a4fb8fbb1f816a8fb1f22,926030446,24,165,0.15,48.08,0.4,49.51,6.76,16.16,282298,724,1788,75,81,78,55,117,296,3,48,41,101,127,454.58,5
5d7e378af3cd088bb4d22ceafc195,4172542498,50,734,0.66,44.8,0.98,16.11,11.16,16.47,217538,2398,2439,56,69,269,269,395,1602,93,302,133,354,248,242.41,10
0bde9663ef9390506a19b6b63fa2e,2560954054,42,472,0.61,52.94,0.65,28.31,11.71,16.43,247088,2507,3855,63,56,377,392,412,2541,737,79,1440,354,306,308.4,36
90311a60bf23051380630f8042025,2580370833,110,640,0.8,45.87,1.12,17.52,11.84,18.49,991107,13246,11847,339,400,1216,1220,2449,3253,840,429,1237,1436,240,389.82,29
2467536926b9589371067dc9a118f,2696022193,60,675,0.54,56.6,0.87,26.13,8.17,14.31,317340,2865,3308,120,92,338,299,410,1885,392,59,106,333,273,314.21,11
217e35850351b6f261e8e0cd08a83,603158416,115,243,0.42,45.43,0.86,53.25,13.63,10.27,3190690,22161,25663,705,847,972,531,2276,15,3,1510,72,745,277,637.24,20
b96d21a4f80e55acf7f8247cc9df6,4008366536,84,542,0.4,47.11,0.99,40.69,3.93,10.57,703080,4704,4746,171,192,407,373,497,1290,508,62,29,534,197,300.2,22
559b68a6386ff17d775a1a08ab992,2671156081,73,666,0.64,41.83,1.11,30.2,10.68,15.6,452161,4859,4381,87,121,755,846,758,9601,194,124,535,886,203,473.92,12
ef458ecb6582472e8c9c7aab0dd47,2679043845,0,22,0.12,0.0,0.33,66.67,5.06,0.0,1503,3,9,0,2,0,0,0,6,0,0,0,0,85,0.0,1
0ef2e17f22aacd8f6c4fcba3f9f98,2964443867,21,519,0.47,51.61,0.74,30.34,9.05,19.34,70019,543,734,32,30,56,33,105,981,214,0,125,45,141,322.31,9
b4eb841a026df43eb3aa422b91072,3352272661,7,186,0.41,26.67,0.55,54.55,7.0,17.56,30301,205,370,4,11,37,27,36,9,0,0,0,29,132,235.91,5
9cda1623bfce017d26daa5a05b2ff,2279210345,40,646,0.51,46.55,0.82,18.88,9.42,22.91,167915,1432,1757,54,62,144,115,328,663,98,31,135,146,205,268.61,10
b067f9e446f304d3ab8d8ae6576c9,3761085838,91,427,0.76,49.81,1.13,18.14,9.16,10.39,1022380,12979,11515,263,265,1348,1363,1348,4204,0,71,2007,1791,236,363.38,16
b5cacc54fda94a98e19fa6bf2f938,2096119807,6,221,0.2,37.5,0.91,78.95,9.73,46.48,21789,71,78,3,5,5,5,33,7,0,0,13,7,129,570.86,8
58346c3bec3e1842fd3f3b78d3fe9,3597059769,25,708,0.97,36.36,1.04,18.52,10.9,18.83,70072,1131,1089,16,28,121,115,213,36,5,24,60,155,332,279.15,12
1104b854074db789bb506505a7141,3512335340,28,577,0.87,52.73,1.96,28.57,12.0,12.94,103070,1492,762,29,26,111,85,193,22,2,35,92,100,183,394.21,59
a973231c81e2a581641603a39ed9a,1248564457,35,239,0.31,42.21,0.39,34.09,8.31,17.77,356363,1835,4710,111,152,272,234,326,934,206,7,67,351,153,188.45,8
1e937a8a2d087018c4d50bd60de47,1039701149,52,424,0.38,41.3,0.64,25.45,4.97,14.9,404216,2591,4028,121,172,296,255,386,2981,485,92,1487,351,206,168.53,20
8823758b750920149a0d2cfca7a49,1931194794,34,1101,0.91,43.48,1.05,39.47,9.52,23.98,75344,1147,1095,20,26,121,121,275,516,273,22,36,118,296,652.24,30
f705b8b3bca181244a8562bb02439,223968194,68,1089,0.85,52.7,1.0,46.76,17.86,15.57,240305,3398,3394,78,70,349,331,529,855,831,111,676,268,264,479.5,14
742e7e1d8a1f395e94a53e551e955,3374496965,140,464,0.88,53.91,1.93,25.41,11.47,14.21,33554400,493660,256010,13103,11203,42566,45068,70130,80185,22402,75381,431354,49421,226,848.61,50
8a594e59cb1e1e037eb61b7250bcd,1950779277,35,381,0.47,44.0,0.73,39.02,9.13,11.22,226262,1783,2438,55,70,187,147,200,515,265,357,196,232,217,144.84,11
08ccb1abe36252a1bf6955b625eeb,3969442918,13,451,0.61,50.0,1.01,40.91,17.08,11.98,37910,384,382,13,13,35,28,46,0,0,4,18,38,251,204.77,7
5c923595f9fd282e9129197d6426b,4004937105,1,156,0.32,0.0,0.6,100.0,17.8,11.11,1682,9,15,0,0,1,0,1,0,0,0,0,0,85,19.13,2
f898f080c0cea0014168efee407f7,2689166130,104,412,0.55,45.64,0.92,30.18,11.58,21.67,1346440,12440,13479,545,649,996,917,2696,2689,735,279,601,1065,206,1446.4,85
d1f2c5317bb3f16d2c9bd7833620f,3678321908,32,239,0.36,43.37,0.69,44.48,5.97,18.29,303974,1848,2666,72,94,172,137,338,612,264,91,107,209,148,524.07,12
acfc2a4c9789f2a0ef5a5ae3ba289,2950968019,64,978,0.72,45.07,1.02,40.34,10.79,16.7,243975,2916,2865,64,78,357,230,487,1517,417,468,807,194,237,221.91,14
1adaba5bce35fcde2762082932326,2037692179,15,738,0.6,43.75,0.74,20.0,10.01,7.83,28328,281,381,7,9,31,25,22,61,22,37,25,34,225,197.09,7
937a3f9680dbf7b6b0ed698d32274,421890665,28,617,0.83,54.55,1.47,22.54,15.07,13.93,96474,1335,909,30,25,123,113,186,196,79,242,8,132,371,446.24,20
8c52e59387efe4b5cfb7cefa8cc64,1424575086,137,486,0.93,47.51,1.29,35.25,14.68,13.36,3659040,56840,44162,972,1074,4818,3132,7593,7602,2800,267,8592,2419,329,399.59,37
29d73968415f9935ba69a06444451,2877316692,117,653,0.71,51.95,1.14,26.87,10.91,18.03,1263430,15027,13204,427,395,1488,1241,2709,5826,1858,501,1388,1319,360,494.74,17
71187f8f95fdeb52b755f092d7b03,3776203150,6,265,0.75,42.86,1.2,70.83,9.74,27.05,16590,207,173,3,4,31,25,56,24,14,10,0,23,214,236.98,8
34367b935ee4635a5bc93a7374acb,1426607509,27,435,0.77,49.23,0.98,37.5,12.37,21.31,125658,1614,1655,32,33,139,162,344,284,46,20,13,149,295,317.05,15
18921d20b5563f1109388b702a67b,1807130763,24,1449,0.38,35.71,0.84,65.85,5.52,8.21,30770,195,233,5,9,13,22,16,15,9,0,0,33,128,36.42,7
9a89e5eafffc1ab09365805ea2f41,2651981435,27,422,0.47,52.05,0.8,16.09,14.86,19.49,130721,1026,1286,38,35,112,118,200,1041,204,71,275,147,264,561.13,8
553a7cdd205f6e47c97ee518c884b,2574722014,30,457,0.57,44.96,0.87,34.52,13.39,18.38,150288,1420,1625,58,71,168,170,261,3281,481,19,596,178,158,113.35,8
24da85ac900c350b69b7f7b61a673,1025317446,115,652,0.9,47.31,1.73,32.35,14.61,17.81,1168240,17520,10107,370,412,1378,1517,3121,6486,1028,1223,82,1560,221,348.98,21
73a1c05ce277b8dac93f73bc3e4fe,260617691,16,232,0.25,42.31,0.74,48.0,9.78,18.62,101236,419,564,22,30,85,85,78,1865,164,10,1368,100,95,120.65,6
b2d52b64b58c1c6c920543fd089ff,2076587741,29,577,0.98,36.26,1.16,21.55,10.64,19.03,110503,1797,1553,33,58,158,147,342,18,17,6,281,134,226,342.49,17
b8be77ee03e111d073c689824c6a2,3368042462,115,481,1.02,50.36,1.43,26.8,13.01,17.08,1630710,27766,19379,564,556,3381,2586,4742,8336,3876,69,360,2716,262,360.09,14
0ccf13bc1d446508f1f02ed08fa56,1685890149,120,581,0.73,50.45,1.35,27.97,10.41,12.03,1659150,20098,14908,391,384,1532,1375,2418,1363,144,1238,1290,2158,331,522.92,42
58314a8a282d939089125a14b4223,2803214300,49,670,0.63,46.46,0.71,36.18,12.15,14.7,229645,2408,3398,59,68,320,349,354,1015,127,49,146,369,252,257.37,8
e231be629adfbdb90c9b78cf0aede,888029213,55,666,0.59,44.44,0.96,27.85,9.08,20.34,279410,2768,2876,76,95,318,288,563,2324,709,31,85,264,226,489.62,13
2c9d4681bcacdea62c77400336e92,4168097100,127,1352,0.87,46.77,1.16,20.3,12.61,19.69,902610,13025,11253,246,280,1290,948,2565,2815,509,166,431,782,276,731.08,21
53f8c351888c097753c6d7f583729,4104548396,139,578,0.58,50.0,0.94,22.6,8.62,12.95,3249880,31265,33292,894,894,2494,1259,4048,13820,2932,12435,5675,2384,263,627.72,31
d9c3466969b5867a8d220d9764b43,3451701730,20,342,0.55,42.03,1.01,34.91,8.11,28.22,102303,932,922,29,40,77,119,263,95,11,2,235,122,138,563.76,9
fe9fad0df005819299433564b2626,1328872720,122,1040,0.76,54.77,1.42,30.1,10.52,9.49,969495,12326,8665,304,251,720,483,1170,1614,496,2539,498,754,385,715.87,36
f085258b9aae84482f14443d6d7b2,3188300037,140,695,0.75,59.34,1.99,22.42,18.0,9.36,11226700,141026,70874,3572,2448,10836,9597,13200,51548,602,14781,46698,11888,333,1415.85,76
6832c7d71a354ba674ed598936c9c,3333040010,41,461,1.07,42.94,1.62,26.91,18.75,23.39,245982,4373,2699,70,93,436,342,1023,119,240,82,7,236,173,637.95,21
b64fa16e8d331736846b2a82da32e,1253102242,1,119,0.45,0.0,0.68,100.0,14.67,13.33,2006,15,22,0,0,2,3,2,0,0,0,0,2,85,193.42,6
09af2fe2572512244de85e4056699,3513313978,10,308,0.59,41.67,1.15,44.19,5.48,24.32,37922,370,323,10,14,52,38,90,587,129,5,0,49,223,188.56,10
12b7700d708d1c58c94044ee8447f,1906043715,60,390,0.41,47.02,0.66,19.03,1.88,19.29,548180,3774,5368,260,293,395,276,728,4153,313,576,749,304,154,506.99,16
5f62d18d2da390002c33b1ecf67e6,2024012838,113,349,0.55,46.68,1.02,35.93,14.24,19.16,2007180,18312,17955,625,714,1514,1547,3508,6309,966,848,1558,1843,244,428.26,23
a9431eec276f41c8f2d865c8772c1,2688819068,29,443,0.44,47.62,0.69,19.23,7.35,13.1,141727,1038,1509,40,44,91,83,136,192,182,39,13,146,175,273.32,22
8e2c66d6969d4841ad100d410101f,2393651539,110,523,0.42,46.04,0.93,55.74,8.04,16.86,1205410,8448,9082,302,354,744,785,1424,1337,219,1044,1408,1121,181,359.29,22
4e3b2ab69dcb630cf3e5e9efe1eab,520124390,45,445,0.17,45.0,0.26,32.49,5.55,16.57,298023,839,3194,72,88,96,82,139,1650,397,48,31,123,123,118.56,8
f465f4cc4837e152ffc8986d583e8,3506837147,98,1203,1.05,47.15,1.59,19.08,15.48,18.1,406946,7109,4477,116,130,914,873,1287,5319,1010,484,2895,719,434,366.88,18
9aee03eee89702e4079fb6a99f5eb,4079495370,105,578,0.62,48.9,0.94,50.15,13.3,15.85,986441,10139,10837,245,256,851,728,1607,3249,1093,563,185,860,257,359.39,18
1a37bd714152609fc1ec2a7282149,3584017047,6,249,0.5,42.86,0.64,17.65,6.94,15.73,21404,178,277,6,8,24,22,28,0,0,0,9,33,168,214.26,5
ab7cb5b3c1e739ec8767077679586,2917796041,0,104,0.24,0.0,0.83,100.0,1.66,60.0,1268,5,6,0,0,0,1,3,0,0,0,0,0,85,57.94,1
246723407abe38a01ad04a3a857db,1092927813,2,179,0.44,50.0,0.74,50.0,9.0,31.11,6238,45,61,1,1,4,7,14,0,0,0,0,6,97,201.94,3
b132a0742892ea65b9f874069cc5f,495380819,12,379,0.73,45.0,1.14,33.33,11.14,14.03,37182,449,394,9,11,53,56,63,123,12,61,63,51,231,354.21,9
001fba0fa7db0e449c260acddc461,1456147083,0,37,0.2,0.0,0.5,100.0,7.1,50.0,642,2,4,0,0,0,1,1,0,0,0,0,0,85,33.47,1
71ad920528b5a86600e1bbe855163,555709629,92,679,0.79,55.82,1.31,38.41,10.37,17.74,648882,8511,6474,307,243,942,930,1510,5977,1240,391,2656,1062,221,401.09,16
dfd80afe91c53fbc9c4c8d5a9fedb,1194164668,6,168,0.31,27.27,0.61,73.81,10.32,13.64,29921,154,253,3,8,8,9,21,11,31,0,1,23,128,47.46,4
c4a9db51fcd04ea65d41aaf1a0851,3183505386,1,180,0.81,0.0,1.17,87.5,10.33,23.53,2552,34,29,0,1,6,2,8,0,0,0,1,5,105,53.14,4
a977016f30d702699f60ee88028a6,3865878944,59,226,0.38,47.0,0.9,35.7,15.63,17.82,930108,5961,6642,243,274,512,500,1062,1320,14,176,317,751,191,754.87,13
ec52dad4519830fc7ad90a5e6a31f,563148069,53,351,0.49,45.7,0.76,29.67,11.97,14.36,497865,4087,5367,117,139,464,329,587,3646,822,72,0,324,285,305.17,16
6fdb7e4784e8d444b3220b367efd6,428660113,111,770,1.28,54.7,2.07,3.1,18.65,12.05,849663,18094,8747,291,241,2124,1956,2180,2811,1084,159,0,1534,521,337.73,35
cda35675e6c06634b1ba806a77e51,2094877823,7,232,0.37,80.0,0.6,23.08,4.12,18.24,23849,148,245,8,2,23,18,27,110,0,8,0,22,145,91.12,5
43c36392b0716185f171e86612eb3,1631855883,121,386,0.7,47.8,1.27,15.91,15.25,10.94,2566100,29859,23420,672,734,1669,943,3267,1183,33,1379,3310,1552,280,882.46,33
898642f9316a3d36099c462946ecb,1375071210,25,616,0.66,55.81,1.18,31.75,13.29,19.07,77729,860,728,24,19,92,78,164,181,59,47,14,70,172,690.96,17
eb616eb76439c6c138902c6032161,3034250761,71,830,0.56,45.45,0.93,38.15,12.39,16.76,344180,3187,3418,70,84,269,233,534,1551,350,168,76,290,137,562.38,12
61748e59fbec9d025ca931632b045,1635234795,3,171,0.36,33.33,0.5,53.85,4.52,29.09,9113,55,111,2,4,6,4,16,59,1,2,1,7,120,138.86,4
14ad3e6e7105345b282d058295998,921401560,36,811,0.41,43.94,0.49,31.25,9.81,17.55,114440,775,1577,29,37,96,88,136,468,317,30,418,124,221,94.59,11
4d3bc1146864f821bf32d80ff3b5e,397982117,12,192,0.23,33.33,0.33,61.7,4.81,16.83,79657,303,923,12,24,21,22,51,58,31,86,2,42,96,202.69,5
80fa059c8b334ad9e977d7bf4d783,861645982,29,397,0.23,52.58,0.38,25.95,5.85,13.25,162751,619,1632,51,46,81,63,82,256,0,9,23,123,111,71.58,5
d6592143d1087b26578253df79d10,3866428643,26,445,0.52,39.39,0.72,42.61,9.48,19.18,115030,996,1391,26,40,115,128,191,850,65,0,3,121,207,235.96,13
b9d63e78c68a2a1408a0a31d40564,4110188109,10,317,0.55,40.0,0.94,41.18,7.73,25.37,36667,339,361,8,12,36,51,86,190,152,10,6,34,209,233.44,8
d60cf6ff56fe130fb7111967de485,3520368394,11,467,0.59,41.67,0.7,64.71,13.25,11.07,25889,253,364,5,7,35,23,28,70,0,0,0,23,197,98.52,11
0709bedef06325921699111a506f7,110338536,11,619,0.61,66.67,1.06,60.87,10.29,18.47,21719,222,210,6,3,17,21,41,0,0,33,1,33,198,563.82,12
f74540f44f71e651959ad567a824c,3717077642,12,288,0.26,33.33,0.5,18.92,17.78,18.88,53753,233,465,10,20,21,12,44,107,53,107,77,33,147,144.52,8
958dbaa23d76d5195315751cf9ada,2792110632,111,913,0.59,45.4,1.3,30.3,10.69,15.15,705435,6897,5290,212,255,808,657,1045,9680,1238,244,3021,776,336,365.37,32
d488011570e600a9e457750910707,1891092966,1,77,0.44,0.0,0.51,76.47,7.0,21.05,5264,38,74,0,4,8,4,8,0,0,0,0,2,91,42.83,4
9bac08cfeda64352727cc778ca44c,1285777240,35,691,0.74,51.9,0.9,25.47,12.09,15.36,125999,1549,1728,41,38,185,151,238,1753,240,76,37,165,261,240.75,12
d7fdaf1668d75bbbc42e8dadf865f,2805838709,16,230,0.16,40.0,0.32,26.67,5.27,18.87,101249,265,820,22,33,22,7,50,95,0,0,0,34,84,465.8,5
5a78be7770a4cd5fd33586a388ffe,765439210,100,451,0.66,48.31,1.05,16.97,11.29,19.65,1129910,12423,11805,442,473,1410,1601,2441,13831,1164,608,5569,1387,241,361.7,29
e3db6f1d3fd106a954bcab2ce532b,749514467,96,331,0.35,46.84,1.09,37.74,8.5,17.03,1438760,8512,7828,371,421,918,894,1450,1188,963,105,1360,1125,176,742.05,28
81e06f2bec43224d837fabb8f7b48,3727354302,22,231,0.39,43.88,0.9,48.96,8.9,16.61,178237,1162,1290,43,55,171,153,193,1129,282,44,57,182,133,147.46,9
070d0b693bcca437cceb7f95309c4,1491817047,16,590,0.58,52.94,0.86,57.5,9.31,14.81,38864,378,437,9,8,37,29,56,93,85,0,0,44,187,243.35,8
7e5c3f06c2daeb160077a6c8a0abf,2726540235,6,425,0.25,28.57,0.32,36.36,4.66,11.76,12222,51,160,2,5,3,6,6,93,0,0,0,11,132,53.74,3
739bc90ae8c5ea03ba4fff8b723e8,1479671647,0,0,0.0,0.0,0.0,0.0,0.0,0.0,0,0,0,0,0,0,0,0,0,0,0,0,0,0,0.0,0
e31113f10d1557709201fa842ffff,2438793989,123,266,0.46,44.61,0.55,20.45,8.43,11.24,4053150,30811,55552,1291,1603,3569,2205,3463,50225,147,8,95,3781,228,246.37,14
2aa571770726dc43a1700016f5ff8,1730866956,130,518,0.63,45.56,1.01,8.5,13.15,18.27,2632370,27463,27099,760,908,2975,3058,5018,12822,1846,1282,9832,3781,220,1080.1,41
d4879ffa6980ad9b5105e262ceefd,869374541,140,560,0.0,50.82,2.2,18.59,12.62,14.89,22176800,597534,365669,11225,10864,68235,66092,88993,212094,61669,261,28476,46516,300,295.98,34
b4d3919a602da5f871284f7bc9ffa,2536830964,57,654,0.96,56.73,1.54,16.59,11.6,17.26,301538,4826,3126,97,74,349,424,833,679,34,529,736,493,371,559.86,22
61c969442c8e21f8e1e2940bf9dc6,3436502252,32,560,0.61,53.12,1.21,16.52,15.97,20.53,131589,1330,1100,51,45,138,122,273,405,48,37,489,136,291,338.28,8
0c476a7950e8b9d783995ae4a0adb,1594114381,117,582,0.74,50.81,1.09,28.98,11.71,16.07,1417680,17488,15974,437,423,1686,1297,2810,7880,2585,3249,1306,1666,317,381.55,37
fe0319f5a2ff19b4d84aefefd99ea,619693292,18,586,0.73,51.61,1.12,32.61,14.85,21.2,48159,585,523,16,15,78,67,124,33,77,21,0,62,277,334.57,11
40a4cd9db904d2edcce21103dd324,4188230005,22,386,1.22,44.83,1.33,37.86,20.59,26.66,101804,2074,1555,39,48,228,230,553,385,205,0,0,158,342,213.57,15
d03aa2137d889eb3ce9e390736cc7,496040000,32,1597,1.2,48.94,1.56,14.55,15.38,14.1,46211,922,592,23,24,96,99,130,374,77,55,12,105,416,116.79,19
23aa9b4532956b7138a0305562142,2530309057,140,628,1.24,53.73,1.22,14.71,12.67,14.35,6889710,142491,116663,2479,2135,15844,7114,20454,2305,716,3,14250,7382,473,196.38,17
2d461836d078899559044cc6052d1,1937529187,64,1577,1.12,61.02,1.59,32.57,12.69,21.23,153341,2855,1794,72,46,410,450,606,10106,1803,4,1094,380,338,121.46,13
2a5ce1aa2b1c9f6fce4aa0edd3080,3227883776,0,71,0.15,0.0,0.22,66.67,8.6,0.0,787,2,9,0,1,0,2,0,0,0,0,0,0,77,0.0,2
68847297f09280a080bbe81f41d55,4057614079,54,405,0.93,50.88,1.44,25.78,16.27,16.83,446628,6953,4818,145,140,1066,1065,1170,6684,40,18,1772,822,287,125.96,12
b9651b0dc3957c7eac8bf9fd2c82a,1459664687,11,190,0.46,33.33,0.51,20.59,10.47,14.4,64485,493,973,18,36,65,64,71,532,142,10,4,73,154,92.52,8
ede7fc50cc830ec2ec9b6dd19ac23,735842443,49,2168,0.65,48.84,0.86,39.44,10.83,15.23,71381,775,899,21,22,84,105,118,988,254,5,205,125,265,256.92,10
b6a58f5cb9e18aac62c337755f7f0,776481879,118,595,0.58,48.8,1.02,36.16,12.88,15.1,1466130,14148,13856,466,489,1378,1288,2136,4345,608,54,1201,1683,184,422.85,15
aea7ed52a5001796c60a74f9869d4,3789187705,140,455,0.6,47.69,1.75,28.0,8.76,10.62,5399120,54236,31059,1539,1688,2863,2287,5759,511,1057,3710,438,3573,221,1653.9,56
293bf7c6605bd4fc4f574206b840d,1269996573,73,541,0.55,43.96,0.66,31.42,10.47,14.88,555214,5059,7639,142,181,550,270,753,1886,20,612,570,425,170,275.14,10
05dc871d60681e1b73570731540a8,1390095142,58,407,0.33,46.15,0.57,22.7,9.08,17.97,497028,2716,4751,132,154,210,198,488,465,134,30,59,284,173,451.31,7
d21e5620e98f4bc1800a55277b6bd,1262660444,24,467,0.87,54.69,1.15,47.54,10.54,17.38,101041,1473,1278,35,29,201,216,256,510,124,135,225,197,354,310.53,11
